DATE,PM2.5, PM10, O3, NO2, SO2, CO
01-12-2024,191,119,18,41,1,16
02-12-2024,197,122,7,36, ,23
03-12-2024,223, , , , , 
01-11-2024,280,166,27,29,3,11
02-11-2024,271,160,33,34,3,6
03-11-2024,274,189,28,32,1,11
04-11-2024,290,152,27,36,2,8
05-11-2024,227,153,64,34,3,12
06-11-2024,249,180,36,32, ,16
07-11-2024,303,135,19,24,1,12
08-11-2024,228,140,25,22,3,12
09-11-2024,236,125,24,22,3,9
10-11-2024,214,144,24,25,2,13
11-11-2024,233,148,7,23,3,21
12-11-2024,237,403,16,25,2,10
13-11-2024,430,299,3,21,3,12
14-11-2024,373, , , , , 
16-11-2024,333,394,6,27,3,9
17-11-2024,460,615,10,27,3,15
18-11-2024,583,198,17,29,19,18
19-11-2024,328,184,25,34,4,10
20-11-2024,302,144,25,39,3,20
21-11-2024,250,200,29,43,6,11
22-11-2024,325,174,27,45,3,16
23-11-2024,284,114,27,44,3,8
24-11-2024,197,198,31,42,2,12
25-11-2024,309,123,24,37,1,14
26-11-2024,242,125,22,40,1,13
27-11-2024,212,138,20,40,2,18
28-11-2024,230,166,23,47,1,18
29-11-2024,232,151,19,45,1,18
30-11-2024,239,104,18,40,1,16
01-10-2024,157,90,2,22,3,14
02-10-2024,160,79,20,21,2,5
03-10-2024,117,78,16,20,2,9
04-10-2024,141,63,17,17,3,7
05-10-2024,96,63,20,19,3,6
06-10-2024,112,64,21,20,3,6
07-10-2024,121,84,27,22,2,6
08-10-2024,155,77,24,22,2,6
09-10-2024,146,70,18,22,1,3
10-10-2024,124,71,26,21,1,5
11-10-2024,141,77,25,25,2,5
12-10-2024,146,99,27,27,2,10
13-10-2024,169,103,24,30,1,12
14-10-2024,145,94,24,30,2,7
15-10-2024,160,112,40,35,2,10
16-10-2024,177,102,3,41,2,19
17-10-2024,173,117,23,37,3,13
18-10-2024,186,115,21,37,3,21
19-10-2024,182,116,21,36,1,11
20-10-2024,192,125,22,30,3,10
21-10-2024,203,129,25,29,3,12
22-10-2024,206,189,25,26,1,12
23-10-2024,278,129,29,26,3,7
24-10-2024,207,121,25,27,3,5
25-10-2024,194,157,35,36,2,9
26-10-2024,227,138,30,30,3,7
27-10-2024,232,120,34,27,2,6
28-10-2024,208,104,19,25,2,7
29-10-2024,184,123,33,27,2,8
30-10-2024,200,146,23,24,3,7
31-10-2024,245,200,22,24,5,6
01-07-2024,85,57,10,11,1,6
02-07-2024,85,47,7,12,1,6
03-07-2024,77,37,6,11,1,5
04-07-2024,79,38,3,9,1,2
05-07-2024,70,38,6,10,1,5
06-07-2024,76,23,6,11,1,3
07-07-2024,64,37,6,9,1,6
08-07-2024,78,55,4,10,1,7
09-07-2024,94,69,7,12, ,9
10-07-2024,130,67,9,12,1,5
11-07-2024,117,58,7,12,1,5
12-07-2024,65,56,10,13,1,7
13-07-2024,100,55,8,12,1,7
14-07-2024,105,60,5,13,1,7
15-07-2024,99,58,7,11,1,6
16-07-2024,102,43,15,10,1,6
17-07-2024,81,46,6,10,1,8
18-07-2024,88,75,12,10,1,6
19-07-2024,142,58,21,9,1,5
20-07-2024,161,57,6,11,1,8
22-07-2024,78,58,7,10,1,6
23-07-2024,104,58,11,11, ,6
24-07-2024,120,53,11,10,1,7
25-07-2024,102,52,12,10,1,5
26-07-2024,166,56,8,10, ,6
27-07-2024,110,43,6,10,1,5
28-07-2024,85,43,6,10, ,2
29-07-2024,107, , , , , 
01-08-2024,78,44,2,9, ,5
02-08-2024,78,37,3,9,1,4
03-08-2024,72,34,2,10, ,4
04-08-2024,76,41,3,10, ,5
05-08-2024,75,34,3,10, ,5
06-08-2024,66,32,2,10, ,5
07-08-2024,78,34,2,10, ,5
08-08-2024,67,40,3,10, ,5
09-08-2024,89,47,2,10, ,5
10-08-2024,92,41,3,10, ,5
11-08-2024,95,46,2,10, ,5
12-08-2024,95,38,2,9,1,5
13-08-2024,82,51,2,9, ,5
14-08-2024,104,42,1,9, ,4
15-08-2024,93,40,1,9, ,4
16-08-2024,76,47,4,10, ,5
17-08-2024,93,48,2,9, ,5
18-08-2024,97,48,3,9, ,3
19-08-2024,92,51,3,10,1,4
20-08-2024,100,49,4,10, ,5
21-08-2024,93,51,3,10, ,4
22-08-2024,88,46,2,8, ,5
23-08-2024,92,56,6,4, ,5
24-08-2024,124,43,2,4, ,5
25-08-2024,95,37,2,6,1,5
26-08-2024,90,30,3,8,1,4
27-08-2024,67,33,4,8,4,5
28-08-2024,83,38,3,7,6,5
29-08-2024,94,53,7,9,2,7
30-08-2024,118,50,5,8,2,6
31-08-2024,111,54,5,8,2,5
01-09-2024,108,51,3,8,2,5
02-09-2024,112,39,5,6,2,6
03-09-2024,100,39,4,7,2,5
04-09-2024,86,44,22,14,2,7
05-09-2024,108,35,9,15,2,6
06-09-2024,87,44,9,17,2,4
07-09-2024,92,61,6,18,3,5
08-09-2024,129,57,10,18,4,8
09-09-2024,120,57,15,19,3,8
10-09-2024,118,44,6,18,2,7
11-09-2024,89,28,5,18,2,4
12-09-2024,70,31,7,18,2,5
13-09-2024,85,50,6,18,2,8
14-09-2024,83,61,6,22,3,6
15-09-2024,93,63,15,19,2,8
16-09-2024,106,77,19,17,4,9
17-09-2024,144,47,8,16,3,10
18-09-2024,107,42,11,16,3,6
19-09-2024,101,47,14,18,2,6
20-09-2024,90,47,18,16,4,7
21-09-2024,96,67,5,14,4,13
22-09-2024,154,88,24,17,5,7
23-09-2024,164,88,29,17,4,9
24-09-2024,169,83,18,19,4,8
25-09-2024,157,50,11,18,2,6
26-09-2024,89,42,12,18,3,6
27-09-2024,61,30,15,19,3,6
28-09-2024,50,40,13,18,2,7
29-09-2024,95,59,20,17,3,9
30-09-2024,158,79,22,19,3,5
01-04-2024,95,66,4,24,1,10
02-04-2024,97,80,4,26,1,13
03-04-2024,124,77,5,23, ,11
04-04-2024,106,87,4,20, ,5
05-04-2024,114,80,9,18, ,3
06-04-2024,129,69,2,20, ,5
07-04-2024,111,81,2,22, ,4
08-04-2024,124,81,7,21, ,6
09-04-2024,132,97,7,21,1,6
10-04-2024,152,86,3,22,1,4
11-04-2024,125,101,6,23, ,4
12-04-2024,148,82,3,22,1,3
13-04-2024,122,72,1,22,1,5
14-04-2024,124,93,3,22, ,6
15-04-2024,157,93,2,21,1,5
16-04-2024,126,59,3,20, ,2
17-04-2024,80,85,2,21,1,3
18-04-2024,99,91,9,21, ,4
19-04-2024,107,66,15,12,1,3
20-04-2024,53,64,4,15, ,5
21-04-2024,86,57,5,17, ,6
22-04-2024,91,97,17,15,1,2
23-04-2024,131,70,4,19, ,5
24-04-2024,109,94,3,21, ,5
25-04-2024,132,79,5,22, ,3
26-04-2024,114,92,7,17,1,4
27-04-2024,106,81,3,19, ,4
28-04-2024,116,109,4,20, ,5
29-04-2024,129,93,4,18,1,5
30-04-2024,113,108,4,19,1,4
01-05-2024,111,119,5,20,1,4
02-05-2024,134, , , , , 
14-05-2024,157,113,8,18,1,10
15-05-2024,174,107,10,21,1,8
16-05-2024,167,99,11,20,1,5
17-05-2024,153,135,4,21,1,9
18-05-2024,165,115,2,22,1,6
19-05-2024,152,98,6,18, ,6
20-05-2024,124,119,2,21,1,5
21-05-2024,154,101,1,19,1,6
22-05-2024,152,78,3,18, ,5
23-05-2024,126,79,17,16, ,5
24-05-2024,124,88,21,14,1,5
25-05-2024,135,85,20,16,2,5
26-05-2024,123,107,25,19,2,9
27-05-2024,148,108,26,21,2,9
28-05-2024,143,115,19,19,1,9
29-05-2024,118,97,27,14,1,7
30-05-2024,105,92,20,16,1,7
31-05-2024,113,127,13,17,2,5
01-06-2024,116,80,19,16,1,4
02-06-2024,86,87,18,15,1,5
03-06-2024,106,116,20,18,2,6
04-06-2024,131,136,14,14,1,5
05-06-2024,122,88,21,14,1,5
06-06-2024,109,139,17,13,1,5
07-06-2024,113,124,18,13,1,5
08-06-2024,114,85,19,14,2,5
09-06-2024,106,80,24,14,2,5
10-06-2024,96,104,20,18,3,6
11-06-2024,127,98,21,19,1,6
12-06-2024,116,91,16,15,1,5
13-06-2024,97,111,14,12,1,5
14-06-2024,86,90,13,13,1,5
15-06-2024,77,85,11,14,1,7
16-06-2024,73,95,12,13,2,7
17-06-2024,106,136,10,12,2,7
18-06-2024,121,137,12,10,1,5
19-06-2024,99,92,20,13,2,5
20-06-2024,103,100,14,14,1,7
21-06-2024,129,95,18,16,1,9
22-06-2024,150,78,13,13,1,7
23-06-2024,142,71,14,12,1,7
24-06-2024,114,72,15,15,1,6
25-06-2024,134,63,10,17,1,5
26-06-2024,115,43,6,15,1,5
27-06-2024,91,44,6,14,1,6
28-06-2024,111,42,5,9,1,7
29-06-2024,59,49,2,7,1,7
30-06-2024,94,52,8,12,1,6
01-01-2024,228,165,2,21,1,5
02-01-2024,223,157,1,21, ,5
03-01-2024,230,206, ,20, ,9
04-01-2024,271,189, ,20, ,4
05-01-2024,227,157, ,20, ,6
06-01-2024,227,158,1,22, ,8
07-01-2024,230,287, ,21,1,10
08-01-2024,284,148, ,21, ,5
09-01-2024,199,160, ,17, ,5
10-01-2024,212,204,2,20, ,11
11-01-2024,244,175,3,19,1,9
12-01-2024,244,422,2,24, ,14
13-01-2024,416,355,3,22,1,13
14-01-2024,380,168,2,20,1,13
15-01-2024,245,182,1,20, ,18
16-01-2024,290,181,2,19, ,8
17-01-2024,242,157,1,20,1,9
18-01-2024,220,151, ,20, ,8
19-01-2024,226,154,3,20,1,4
20-01-2024,227,155, ,20,1,7
21-01-2024,231,172,1,22,1,5
22-01-2024,238,232,1,24,1,10
23-01-2024,268,301,1,23,1,11
24-01-2024,321,200,1,21, ,7
25-01-2024,251,289,2,20,1,10
26-01-2024,355,164,1,20, ,8
27-01-2024,238,162, ,21,1,21
28-01-2024,255,245,1,27, ,14
29-01-2024,301,247, ,22, ,15
30-01-2024,293,187, ,21, ,10
31-01-2024,277,74,2,20,1,5
01-02-2024,152,99,2,19,1,6
02-02-2024,180,101,2,20,1,5
03-02-2024,167,144,2,21,1,22
04-02-2024,213,91,4,17,1,6
05-02-2024,166,83,3,19,1,10
06-02-2024,147,94,4,20,1,7
07-02-2024,152,91,5,21,1,8
08-02-2024,153,87,8,19,1,12
09-02-2024,147,160,6,25,1,14
10-02-2024,231,143,6,24,1,9
11-02-2024,216,147,4,25,1,7
12-02-2024,210,194,3,24,1,12
13-02-2024,264,156,6,21,1,11
14-02-2024,236,103,5,23,1,9
15-02-2024,192,99,5,21,1,8
16-02-2024,180,102,5,23,1,10
17-02-2024,179,107,2,26,1,14
18-02-2024,190,100,4,25,1,8
19-02-2024,168,108,3,24,1,14
20-02-2024,185,105,3,23,1,6
21-02-2024,172,77,3,23,1,9
22-02-2024,133,66,4,22,1,10
23-02-2024,129,82,5,25,1,11
24-02-2024,152,77,4,24,1,10
25-02-2024,148,83,4,24,1,10
26-02-2024,145,146,3,25,1,8
27-02-2024,141,80,5,22, ,9
28-02-2024,135,74,4,25,1,11
29-02-2024,135,95,4,29,1,10
01-03-2024,161,53,3,25,1,8
02-03-2024,82,90,4,24,1,9
03-03-2024,105,64,2,23,1,10
04-03-2024,105,69,2,26, ,10
05-03-2024,127,72,2,27, ,10
06-03-2024,143,89,2,28,1,9
07-03-2024,149,76,2,28, ,9
08-03-2024,139,69,2,30, ,10
09-03-2024,130,90,2,36,1,13
10-03-2024,158,92,2,38,1,12
11-03-2024,157,94,2,38,1,11
12-03-2024,152,78,2,34,1,10
13-03-2024,140,91,2,35,1,12
14-03-2024,147,57,2,33, ,9
15-03-2024,93,78,6,35,1,12
16-03-2024,147,84,3,36, ,11
17-03-2024,145,90,3,37,1,11
18-03-2024,149,99,7,32,1,13
19-03-2024,158,96,3,27,1,12
20-03-2024,148,83,3,26, ,11
21-03-2024,150,83,3,26, ,12
22-03-2024,156,115,2,25,1,18
23-03-2024,180,66, ,24, ,11
24-03-2024,89,80,1,24, ,13
25-03-2024,140,70,2,24, ,10
26-03-2024,127,74,2,25, ,11
27-03-2024,131,77,5,26, ,9
28-03-2024,134,83,5,26, ,10
29-03-2024,138,89,5,25, ,11
30-03-2024,143,101,3,24,1,13
31-03-2024,144,65,4,23,1,10
01-10-2023,139,89,14,14,2,5
02-10-2023,126,100,14,15,2,4
03-10-2023,133,108,14,15,3,5
04-10-2023,146,110,16,16,3,6
05-10-2023,154,111,15,17,3,7
06-10-2023,151,110,8,16,3,8
07-10-2023,164,89,4,7, ,5
08-10-2023,125,96,8,7,1,2
09-10-2023,94,104,7,8,1,2
10-10-2023,136,103,9,8,1,2
11-10-2023,149,122,13,9, ,2
12-10-2023,177,141,13,10,1,4
13-10-2023,184,119,10,10, ,4
14-10-2023,160,126,10,9, ,6
15-10-2023,152,111,6,9,1,2
16-10-2023,128,65,9,9, ,3
17-10-2023,110,74,8,8,1,2
18-10-2023,126,70,10,9,1,3
19-10-2023,113,93,13,9, ,3
20-10-2023,161,129,19,11, ,2
21-10-2023,198,152,17,11,1,8
22-10-2023,214,121,10,10, ,5
23-10-2023,197,102,11,10, ,4
24-10-2023,162,124,12,11,1,5
25-10-2023,189,115,17,10, ,7
26-10-2023,174,135,13,12, ,15
27-10-2023,190,146,16,14, ,16
28-10-2023,201,152,16,16,1,17
29-10-2023,205,187,39,15,1,16
30-10-2023,224,184,37,15, ,12
31-10-2023,244,173,18,14,1,11
01-11-2023,232,329,12,15, ,14
02-11-2023,342,306,8,16, ,13
03-11-2023,298,361,20,17,1,20
04-11-2023,381,347,9,16,1,16
05-11-2023,384,157,6,24,1,12
06-11-2023,217,281,31,24,1,24
07-11-2023,301,304,7,25,1,18
08-11-2023,338,312,7,24,1,18
09-11-2023,363,148,6,21,1,9
10-11-2023,210,86,4,19,1,4
11-11-2023,162,101,4,19,1,5
12-11-2023,180,257,6,20, ,6
13-11-2023,347,184,6,22, ,7
14-11-2023,256,223,6,22, ,8
15-11-2023,313,305,10,24, ,10
16-11-2023,378,218,9,25,1,13
17-11-2023,296,115,8,24,1,7
18-11-2023,190,113,11,23,1,6
19-11-2023,193,172,10,24,1,11
20-11-2023,248,201,6,24,1,7
21-11-2023,298,186,9,24,1,8
22-11-2023,291,198,8,27,1,11
23-11-2023,291,228,13,28,1,14
24-11-2023,317,211,9,25,2,5
25-11-2023,308,267,31,27,1,21
26-11-2023,323,180,9,26, ,9
27-11-2023,260,110,3,22, ,7
28-11-2023,189,133,5,23,1,8
29-11-2023,214,225,16,18, ,17
30-11-2023,297,176,7,19, ,6
01-12-2023,263,134,8,20, ,6
02-12-2023,205,131,9,22, ,8
03-12-2023,203,129,6,23, ,7
04-12-2023,198,118,7,23, ,5
05-12-2023,183,119,8,24,1,5
06-12-2023,187,137,7,25, ,10
07-12-2023,206,138,7,22, ,10
08-12-2023,207,135,7,20,1,9
09-12-2023,206,131,7,20,1,7
10-12-2023,205,129,5,21,1,10
11-12-2023,202,183,29,22,1,16
12-12-2023,256,224,9,21,1,13
13-12-2023,290,145,5,20,1,9
14-12-2023,221,163,5,21,1,10
15-12-2023,221,181,6,22,1,13
16-12-2023,244,157,6,22, ,9
17-12-2023,235,126,5,21,1,8
18-12-2023,183,131,4,21,1,6
19-12-2023,192,138,6,20, ,9
20-12-2023,203,227,5,22,1,10
21-12-2023,279,347,7,24, ,14
22-12-2023,373,254,5,24,1,10
23-12-2023,300,259,7,24,1,24
24-12-2023,324,171,5,21,1,11
25-12-2023,274,193,4,21,1,11
26-12-2023,272,252,4,22,1,11
27-12-2023,321,186,4,21,1,10
28-12-2023,252,247,4,20,1,15
29-12-2023,294,301,5,24,1,6
30-12-2023,333,233,2,23,1,6
31-12-2023,293,167,2,20, ,4
01-07-2023,41,51,20,18,8,7
02-07-2023,52,101,24,19,4,8
03-07-2023,146,81,19,25,6,8
04-07-2023,119,65,21,22,6,8
05-07-2023,100,50,19,22,4,7
06-07-2023,84,50,13,22,3,8
07-07-2023,90,43,17,20,4,8
08-07-2023,104,40,7,17,5,7
09-07-2023,92,37,5,19,2,9
10-07-2023,59,58,17,19,3,8
11-07-2023,97,54,58,19,3,8
12-07-2023,98,61,24,20,3,7
13-07-2023,110, , , , , 
21-07-2023,105,63,10,19,5,7
22-07-2023,98,52,13,19,5,7
23-07-2023,80,54,10,20,5,7
24-07-2023,82,64,10,22,6,9
25-07-2023,118,47,13,21,4,8
26-07-2023,80,60,47,21,5,8
27-07-2023,97,53,36,19,3,8
28-07-2023,86,41,9,16,4,7
29-07-2023,42,42,16,17,3,7
30-07-2023,78,64,21,16,3,8
31-07-2023,118,61,20,15,1,8
01-08-2023,97,66,12,14,2,7
02-08-2023,109,60,12,13,4,6
03-08-2023,98,70,16,15,6,7
04-08-2023,110,53,14,15,5,9
05-08-2023,94,65,9,14,6,7
06-08-2023,77,74,9,13,4,7
07-08-2023,80,85,9,15,4,6
08-08-2023,81,83,9,15,5,6
09-08-2023,84,91,9,17,4,8
10-08-2023,126,90,14,17,4,6
11-08-2023,130,88,14,17,4,6
12-08-2023,100,74,13,18,4,7
13-08-2023,107,78,17,21,4,7
14-08-2023,130,73,13,18,4,8
15-08-2023,141,80,16,18,4,7
16-08-2023,136,93,13,18,4,7
17-08-2023,64,106,18,15,4,7
18-08-2023,76,63,17,23,4,8
19-08-2023,57,59,27,23,4,7
20-08-2023,57,63,24,23,4,8
21-08-2023,54,63,15,23,4,8
22-08-2023,45,48,7,22,4,8
23-08-2023,35,68,12,21,4,6
24-08-2023,38,80,12,20,4,7
25-08-2023,70,112,13,18,4,6
26-08-2023,101,129,12,17,4,6
27-08-2023,89,104,10,17,4,7
28-08-2023,84,97,13,18,4,7
29-08-2023,86,96,19,17,4,6
30-08-2023,95,89,19,18,4,7
31-08-2023,97,81,14,17,5,7
01-09-2023,80,96,11,17,4,6
02-09-2023,86,99,2,20,4,7
03-09-2023,91,95,2,21,4,7
04-09-2023,97,81,14,17,4,6
05-09-2023,109,76,8,14,2,5
06-09-2023,84,54,13,14,1,7
07-09-2023,79,51,10,13,1,3
08-09-2023,66,26,6,11,1,4
09-09-2023,40,14,6,10,1,4
10-09-2023,25,44,7,12,1,4
11-09-2023,67,59,10,13,2,5
12-09-2023,88,62,11,13,2,5
13-09-2023,116,66,9,11,1,5
14-09-2023,123,43,6,12,2,6
15-09-2023,66,51,4,11,2,4
16-09-2023,89,47,5,11,2,4
17-09-2023,86,39,5,11,3,4
18-09-2023,71,55,6,11,2,4
19-09-2023,79,60,16,10,2,5
20-09-2023,102,62,10,11,3,5
21-09-2023,104,65,9,11,3,5
22-09-2023,115,61,8,11,3,6
23-09-2023,112,70,10,12,2,6
24-09-2023,121,72,15,12,2,5
25-09-2023,140,93,12,13,2,5
26-09-2023,151,81,10,12,2,4
27-09-2023,129,88,13,13,2,5
28-09-2023,125,96,17,14,2,5
29-09-2023,148,99,14,13,6,5
30-09-2023,135,105,15,13,3,4
01-04-2023,104,73,89,24,2,9
02-04-2023,107,92,48,30,6,14
03-04-2023,138,67,43,48,3,8
04-04-2023,98,83,57,45,3,8
05-04-2023,108,90,48,48,3,7
06-04-2023,99,87,45,51,4,7
07-04-2023,111,89,62,47,3,8
08-04-2023,124,117,60,59,4,10
09-04-2023,148,108,111,61,5,9
10-04-2023,142,160,60,58,5,11
11-04-2023,182,128,44,59,4,8
12-04-2023,140,125,42,60,4,8
13-04-2023,143,127,44,62,4,8
14-04-2023,148,128,51,65,3,9
15-04-2023,136,126,33,64,4,10
16-04-2023,135,116,45,60,4,9
17-04-2023,124,122,33,61,3,9
18-04-2023,127,157,44,58,4,7
19-04-2023,133,91,40,54,3,7
20-04-2023,93,92,44,60,4,7
21-04-2023,100,89,54,61,3,7
22-04-2023,97,70,45,58,3,6
23-04-2023,59,110,66,68,4,8
24-04-2023,117,101,80,66,3,8
25-04-2023,128,123,99,70,4,9
26-04-2023,157,146,65,73,2,8
27-04-2023,146,117,69,72,4,9
28-04-2023,134,125,44,70,3,8
29-04-2023,139,75,51,68,3,7
30-04-2023,111,64,15,58,3,11
01-05-2023,117,59,29,36,3,8
02-05-2023,100,66,6,12,3,8
03-05-2023,111,74,73,19,3,9
04-05-2023,122,94,61,28,3,8
05-05-2023,153,122,39,28,3,8
06-05-2023,155,102,44,30,4,7
07-05-2023,135,90,32,33,3,8
08-05-2023,114,146,53,33,3,9
09-05-2023,166,114,52,33,4,8
10-05-2023,144,149,58,40,4,10
11-05-2023,184,125,53,45,3,10
12-05-2023,155,126,82,40,3,9
13-05-2023,162,154,49,39,4,9
14-05-2023,166,93,42,34,2,7
15-05-2023,82,385,36,32,3,7
16-05-2023,184,229,28,35,4,7
17-05-2023,155,80,55,31,3,7
18-05-2023,101,101,47,33,3,7
19-05-2023,137,105,47,31,4,9
20-05-2023,121,115,40,38,4,11
21-05-2023,149,140,25,31,3,8
22-05-2023,137,113,23,23,3,5
23-05-2023,112,55,22,21,1,7
24-05-2023,64,80,47,25,3,7
25-05-2023,83,51,44,28,2,8
26-05-2023,75,57,32,29,2,10
27-05-2023,98,78,41,30,2,9
28-05-2023,135,85,30,27,3,9
29-05-2023,118,68,29,27,2,8
30-05-2023,118,51,28,25,2,8
31-05-2023,84,68,35,24,2,7
01-06-2023,116,73,45,24,3,7
02-06-2023,110,71,44,24,4,8
03-06-2023,115,111,71,27,4,8
04-06-2023,161,73,59,21,4,8
05-06-2023,131,98,63,24,1,7
06-06-2023,119,223,49,23,1,8
07-06-2023,163,100,37,26,2,9
08-06-2023,129,95,40,23,2,7
09-06-2023,103,96,34,22,2,7
10-06-2023,92,97,46,22,2,7
11-06-2023,123,115,47,22,2,8
12-06-2023,150,151,25,20,1,6
13-06-2023,165,143,35,19,2,6
14-06-2023,161,96,34,20,1,7
15-06-2023,129,78,32,20,3,8
16-06-2023,113,71,28,20,5,8
17-06-2023,57,95,36,20,5,7
18-06-2023,54,55,13,18,5,8
19-06-2023,40,74,30,20,5,8
20-06-2023,64,76,35,20,3,8
21-06-2023,60,72,10,20,4,10
22-06-2023,60,93,25,19,4,8
23-06-2023,75,93,58,21,3,9
24-06-2023,81,45,21,18,2,8
25-06-2023,46,68,27,19,3,8
26-06-2023,57,64,21,19,3,9
27-06-2023,53,64,34,18,3,8
28-06-2023,49,71,34,18,4,8
29-06-2023,66,45,54,18,3,8
30-06-2023,35,49,41,18,8,7
02-01-2023,328,194,16,28,4,6
03-01-2023,293,146,13,25,5,6
04-01-2023,234,172,1,26,3,9
05-01-2023,262,267,1,29,2,8
06-01-2023,318,218,16,28,3,9
07-01-2023,267,210, ,34,2,11
08-01-2023,297,354,2,40,3,14
09-01-2023,414,207,7,31,2,11
10-01-2023,289,159,7,35,3,7
11-01-2023,232,164,11,34,2,9
12-01-2023,253,170,13,36,2,8
13-01-2023,268,131,21,29,2,6
14-01-2023,216,93,28,27,2,6
15-01-2023,153,123,30,31,4,8
16-01-2023,191,126,38,32,2,8
17-01-2023,197,166,43,36,3,11
18-01-2023,233,201,43,46,6,11
19-01-2023,261,103,30,30,3,5
20-01-2023,163,147,69,32,7,7
21-01-2023,217,157,61,35,5,8
22-01-2023,240,179,48,34,5,11
23-01-2023,211,111,19,30,7,7
24-01-2023,166,102,15,27,3,7
25-01-2023,174,122,25,25,3,6
26-01-2023,202,94,71,25,19,5
27-01-2023,164,113,86,31,65,7
28-01-2023,177,136,10,36,51,9
29-01-2023,221,70,15,29,56,7
30-01-2023,141,77,26,23,45,6
31-01-2023,152,89,41,26,27,6
01-02-2023,155,95,58,30,2,6
02-02-2023,151,103,65,31,2,8
03-02-2023,160,132,64,33,2,7
04-02-2023,190,105,62,32,3,7
05-02-2023,161,123,41,35,3,11
06-02-2023,180,118,43,25,3,6
07-02-2023,161,91,64,24,3,7
08-02-2023,137,101,52,33,4,7
09-02-2023,157,111,39,36,4,6
10-02-2023,160,143,67,32,4,7
11-02-2023,195,94,46,21,3,5
12-02-2023,142,92,37,22,3,5
13-02-2023,113,90,41,25,3,5
14-02-2023,132,110,44,27,2,6
15-02-2023,162,151,42,34,4,10
16-02-2023,195,192,46,41,4,12
17-02-2023,238,173,68,36,3,8
18-02-2023,226,142,59,32,3,7
19-02-2023,203,146,37,33,3,8
20-02-2023,191,130,45,28,3,6
21-02-2023,180,134,40,27,3,7
22-02-2023,186,102,32,26,3,5
23-02-2023,145,105,44,28,3,7
24-02-2023,156,128,52,32,3,10
25-02-2023,179,147,97,35,3,9
26-02-2023,203,127,73,34,3,7
27-02-2023,170,110,31,31,3,7
28-02-2023,154,100,25,32,3,10
01-03-2023,135,110,26,30,4,7
02-03-2023,161,90,43,24,3,6
03-03-2023,142,89,71,27,5,9
04-03-2023,123,87,83,26,3,8
05-03-2023,141,83,55,24,4,7
06-03-2023,133,91,63,30,4,10
07-03-2023,143,108,156,31,3,9
08-03-2023,166,84,73,24,3,8
09-03-2023,134,104,74,27,3,9
10-03-2023,161,97,83,29,3,10
11-03-2023,150,104,85,35,4,9
12-03-2023,151,116,82,29,4,10
13-03-2023,161,112,76,27,3,9
14-03-2023,160,111,84,31,4,12
15-03-2023,151,133,67,34,4,9
16-03-2023,164,141,69,36,4,11
17-03-2023,176,85,19,28,2,9
18-03-2023,151,90,56,23,3,9
19-03-2023,156,74,36,23,3,8
20-03-2023,115,58,53,21,3,9
21-03-2023,108,102,61,24,2,10
22-03-2023,162,83,42,23,2,8
23-03-2023,125,106,26,28,4,12
24-03-2023,148,49,32,22,2,8
25-03-2023,82,111,40,24,3,8
26-03-2023,143,79,49,22,3,7
27-03-2023,123,111,47,25,3,8
28-03-2023,135,99,68,27,3,9
29-03-2023,142,96,51,25,3,9
30-03-2023,143,49,33,24,3,8
31-03-2023,78,62,52,24,3,7
01-10-2022,108,87,34,16,5,4
02-10-2022,103,76,30,16,6,3
03-10-2022,91,87,43,18,5,4
04-10-2022,109,100,40,19,7,5
05-10-2022,137,41,10,15,5,3
06-10-2022,56,36,11,17,4,3
07-10-2022,66,30,13,18,3,3
08-10-2022,77,19,12,17,3,3
09-10-2022,39,29,17,18,3,3
10-10-2022,53,47,16,18,4,5
11-10-2022,71,82,20,19,4,4
12-10-2022,97,72,16,20,3,3
13-10-2022,93,88,19,21,5,4
14-10-2022,115,94,21,21,4,6
15-10-2022,117,113,27,22,4,6
16-10-2022,139,114,35,23,4,7
17-10-2022,145,109,26,24,4,7
18-10-2022,138,91,25,24,6,12
19-10-2022,120,102,28,23,3,10
20-10-2022,128,118,29,23,3,9
21-10-2022,141,132,30,20,3,6
22-10-2022,148,117,37,22,4,8
23-10-2022,155,134,67,18,4,6
24-10-2022,168,192,61,12,4,5
25-10-2022,169,124,64,18,5,45
26-10-2022,147,148,61,21,4,6
27-10-2022,160,167,46,32,5,11
28-10-2022,167,189,52,22,6,10
29-10-2022,168,166,55,17,8,13
30-10-2022,165,216,46,23,7,10
31-10-2022,170,233,58,28,8,16
01-11-2022,170,218,55,18,7,7
02-11-2022,179,400,61,21,7,10
03-11-2022,181,306,55,35,12,13
04-11-2022,221,153,30,24,4,13
05-11-2022,231,140,38,21,5,15
06-11-2022,206,154,42,23,5,16
07-11-2022,235,215,27,23,5,13
08-11-2022,312,101,35,24,5,14
09-11-2022,160,131,40,24,5,15
10-11-2022,199,189,36,21,4,13
11-11-2022,274,165,41,21,4,13
12-11-2022,258,130,42,22,4,13
13-11-2022,210,116,33,26,5,12
14-11-2022,183,98,42,24,5,14
15-11-2022,160,111,34,20,5,10
16-11-2022,181,117,37,18,4,13
17-11-2022,194,124,40,22,5,13
18-11-2022,209,129,42,29,6,16
19-11-2022,187,136,43,26,5,14
20-11-2022,212,123,39,22,4,13
21-11-2022,191,117,35,21,4,13
22-11-2022,176,118,35,21,4,12
23-11-2022,172,108,62,21,5,13
24-11-2022,169,140,56,30,7,17
25-11-2022,194,164,67,27,7,16
26-11-2022,229,141,111,28,6,16
27-11-2022,213,172,47,32,6,17
28-11-2022,230,214,163,34,7,21
29-11-2022,270,166,48,26,6,16
30-11-2022,229,199,82,27,6,15
01-12-2022,263,140,98,30,4,12
02-12-2022,209,140,151,33,4,13
03-12-2022,224,192,185,27,5,25
04-12-2022,269,161,153,26,6,16
05-12-2022,232,169,65,25,5,14
06-12-2022,240,131,49,22,3,10
07-12-2022,188,127,113,33,3,8
08-12-2022,186,154,137,37,3,12
09-12-2022,211,207,50,41,15,14
10-12-2022,266,136,55,34,4,8
11-12-2022,204,92,4,27,2,13
12-12-2022,152,96,33,28,3,5
13-12-2022,149,97,58,26,3,6
14-12-2022,159,103,33,30,4,7
15-12-2022,163,113,35,33,4,8
16-12-2022,170,161,37,34,4,11
17-12-2022,221,220,34,36,4,11
18-12-2022,296,226,36,34,3,11
19-12-2022,309,181,28,35,3,9
20-12-2022,257,164,14,30,2,8
21-12-2022,228,196,15,31,3,7
22-12-2022,256,180,16,32,3,10
23-12-2022,253,147,20,30,4,6
24-12-2022,216,147,17,28,6,7
25-12-2022,225,168,8,28,4,9
26-12-2022,246,154,19,30,4,8
27-12-2022,241,132,29,31,4,7
28-12-2022,203,167,29,37,4,7
29-12-2022,225,205,19,34,3,9
30-12-2022,282,147,20,29,4,7
31-12-2022,220,119,30,27,7,8
01-01-2023,185,225,17,31,5,9
01-07-2022,72,66,33,14,5,10
02-07-2022,85,58,16,10,5,8
03-07-2022,84,86,70,20,6,11
04-07-2022,146,82,45,18,5,11
05-07-2022,124,74,31,18,5,10
06-07-2022,123,70,41,21,6,11
07-07-2022,99,70,27,18,6,10
08-07-2022,100,67,16,19,5,12
09-07-2022,81,62,20,19,5,11
10-07-2022,90,68,25,18,6,13
11-07-2022,107,58,16,19,5,19
12-07-2022,97,61,21,18,5,14
13-07-2022,89,68,20,19,5,10
14-07-2022,78,62,20,18,5,11
15-07-2022,76,52,14,22,6,11
16-07-2022,71, , , , , 
18-07-2022,103,65,18,20,5,12
19-07-2022,98,45,6,20,6,12
20-07-2022,72,63,28,19,4,12
21-07-2022,119,65,25,19,5,13
22-07-2022,111,50,9,18,5,11
23-07-2022,85,49,10,18,5,11
24-07-2022,79,45,11,18,4, 
25-07-2022,99,48,8,17,5,7
26-07-2022,91,51,9,18,5,6
27-07-2022,102,36,7,18,5,6
28-07-2022,75,32,6,17,5,6
29-07-2022,59,44,6,18,5,6
30-07-2022,76,43,9,18,5,15
31-07-2022,82,45,8,18,5,4
01-08-2022,74,50,12,16,5,7
02-08-2022,64,66,13,20,5,7
03-08-2022,75,61,9,19,3,4
04-08-2022,89,48,8,19,8,4
05-08-2022,65,61,21,17,5,5
06-08-2022,81,57,21,17,5,7
07-08-2022,71,58,42,18,5,7
08-08-2022,87,57,35,16,6,6
09-08-2022,82,53,25,18,5,6
10-08-2022,73,43,13,18,5,6
11-08-2022,61,53,18,22,5,6
12-08-2022,76,41,30,15,5,6
13-08-2022,57,43,26,15,5,4
14-08-2022,56, , , , , 
16-08-2022,42,36,20,17,5,5
17-08-2022,43,39,29,19,6,5
18-08-2022,55,44,27,19,4,6
19-08-2022,52,52,23,17,5,6
20-08-2022,61,68,25,17,5,6
21-08-2022,79,62,27,19,5,6
22-08-2022,66,52,26,20,5,5
23-08-2022,59,48,18,20,5,6
24-08-2022,69,62,49,21,5,6
25-08-2022,90,64,31,17,5,5
26-08-2022,68,69,29,18,5,5
27-08-2022,73,83,28,18,5,5
28-08-2022,75,83,40,21,5,5
29-08-2022,77,71,43,23,5,6
30-08-2022,90,73,39,20,5,6
31-08-2022,85,69,51,20,5,6
01-09-2022,83,68,36,22,5,7
02-09-2022,82,67,20,15,5,4
03-09-2022,66,56,19,15,5,5
04-09-2022,71,61,28,17,4,5
05-09-2022,64,72,27,18,6,6
06-09-2022,86,75,33,19,5,6
07-09-2022,81,86,50,18,4,5
08-09-2022,117,81,31,16,3,6
09-09-2022,110,58,27,13,6,7
10-09-2022,93,60,21,17,5,5
11-09-2022,86,57,17,17,4,6
12-09-2022,73,47,10,16,5,5
13-09-2022,57,46,10,17,5,5
14-09-2022,59,36,10,16,9,5
15-09-2022,59,29,5,15,7,6
16-09-2022,53,63,38,16,6,6
17-09-2022,90,70,33,16,4,6
18-09-2022,97,92,18,17,5,6
19-09-2022,138,67,39,17,6,7
20-09-2022,108,62,37,14,6,6
21-09-2022,87,44,16,14,6,6
22-09-2022,77,41,35,15,5,6
23-09-2022,71,33,30,14,5,4
24-09-2022,62,32,14,13,6,6
25-09-2022,57,67,34,14,6,6
26-09-2022,87,61,23,12,5,18
27-09-2022,77,78,24,12,5,3
28-09-2022,80,77,8,10, , 
29-09-2022,117,82,14, ,5, 
30-09-2022,116,90,33,14,5,6
01-04-2022,135,127,37,37,10,14
02-04-2022,158,133,35,33,10,12
03-04-2022,158,155,35,30,13,14
04-04-2022,165,134,39,32,9,12
05-04-2022,153,135,48,34,10,10
06-04-2022,162,158,55,36,9,10
07-04-2022,180,129,52,36,12,10
08-04-2022,160,134,52,34,11,11
09-04-2022,145,151,18,36,11,9
10-04-2022,166,151,49,35,11,10
11-04-2022,161,139,42,37,11,11
12-04-2022,153,167,30,40,10,10
13-04-2022,166,232,53,21,9,8
14-04-2022,166,123,68,34,9,9
15-04-2022,153,148,62,41,11,10
16-04-2022,178,144,65,43,10,10
17-04-2022,181,160,95,44,9,11
18-04-2022,169,258,45,36,11,11
19-04-2022,205,151,36,27,9,9
20-04-2022,173,252,22,28,9,9
21-04-2022,194,140,58,26,4,10
22-04-2022,147,142,52,28,5,11
23-04-2022,166,177,61,28,11,9
24-04-2022,191,150,61,20,9,8
25-04-2022,175,122,55,32,8,10
26-04-2022,165,169,62,39,12,11
27-04-2022,204,192,67,41,11,10
28-04-2022,217,214,47,36,14,14
29-04-2022,223,154,42,32,11,11
30-04-2022,182,168,47,28,9,10
01-05-2022,177,155,47,23,8,9
02-05-2022,172,235,49,22,9,10
03-05-2022,201,143,41,24,7,8
04-05-2022,142,104,51,30,7,11
05-05-2022,145,163,33,35,8,13
06-05-2022,180,121,54,39,8,13
07-05-2022,144,130,70,30,8,13
08-05-2022,162,108,52,21,7,10
09-05-2022,152,107,47,21,8,7
10-05-2022,149,108,60,24,7,9
11-05-2022,141,121,64,32,8,10
12-05-2022,153,127,73,27,7,8
13-05-2022,149,143,48,41,9,11
14-05-2022,158,138,29,40,9,10
15-05-2022,146,282,32,21,7,6
16-05-2022,161,149,60,29,9,8
17-05-2022,151,125,22,44,8,16
18-05-2022,155,156,69,46,8,9
19-05-2022,162,208,50,39,7,7
20-05-2022,162,225,35,23,6,8
21-05-2022,163,118,71,33,6,8
22-05-2022,156,68,32,23,6,8
23-05-2022,93,56,36,27,5,9
24-05-2022,83,93,67,28,6,9
25-05-2022,148,106,92,39,7,10
26-05-2022,161,120,52,35,6,7
27-05-2022,162,257,43,29,6,10
28-05-2022,163,183,70,25,7,8
29-05-2022,171,139,73,28,6,8
30-05-2022,164,251,91,38,7,11
31-05-2022,212,177,44,34,6,10
01-06-2022,191,144,38,34,7,10
02-06-2022,172,130,53,33,7,9
03-06-2022,152,121,66,32,7,6
04-06-2022,156,123,41,27,7,5
05-06-2022,151,113,80,29,6,6
06-06-2022,142,261,44,26,7,5
07-06-2022,175,260,41,26,7,11
08-06-2022,191,150,56,27,7, 
09-06-2022,168,229,39,27,7,6
10-06-2022,202,156,24,24,7,7
11-06-2022,167,163,47,19,7,6
12-06-2022,171,131,48,14,6,5
13-06-2022,175,152,46,17,6,5
14-06-2022,173,83,47,22,6,5
15-06-2022,99,87,56,22,5,6
16-06-2022,91,65,39,22,5,7
17-06-2022,85,59,44,21,5,6
18-06-2022,101,72,41,23,5,5
19-06-2022,124,84,53,21,5,6
20-06-2022,119,79,67,23,6,7
21-06-2022,101,129,62,19,6,5
22-06-2022,125,120,41,16,5,7
23-06-2022,140,123,42,24,5,5
24-06-2022,148,144,73,27,9,9
25-06-2022,154,97,47,18,6,6
26-06-2022,138,92,49,14,6,7
27-06-2022,135,105,48,15,6,6
28-06-2022,154,108,40,15,5, 
29-06-2022,143,59,17,19,5,9
30-06-2022,92,50,28,14,5,10
03-01-2022,276,182,3,24,6,9
04-01-2022,243,205,3,23,6,10
05-01-2022,288,95,3,19,5,5
06-01-2022,174,76,3,18,6,7
07-01-2022,148,56,2,16,5,7
08-01-2022,120,46,3,16,4,5
09-01-2022,118,85,6,21,5,12
10-01-2022,175,89,4,25,5,11
11-01-2022,186,96,5,26,5,13
12-01-2022,176,161,3,31,5,15
13-01-2022,294,154,2,31,6,13
14-01-2022,999,117,3,26,5,12
15-01-2022,215,120,4,25,5,14
16-01-2022,203,157,3,46,5,17
17-01-2022,232,163,7,37,5,12
18-01-2022,251,173,4,42,5,17
19-01-2022,236,228,3,44,6,16
20-01-2022,289,166,21,37,5,14
21-01-2022,273,104,5,39,5,15
22-01-2022,184,91,6,34,5,23
23-01-2022,177,101,5,33,6,17
24-01-2022,173,103,5,31,5,13
25-01-2022,172,117,6,31,5,18
26-01-2022,188,109,6,36,5,11
27-01-2022,186,99,10,37,5,16
28-01-2022,169,109,6,38,5,13
29-01-2022,175,129,8,41,5,13
30-01-2022,194,180,3,45,5,16
31-01-2022,246,165,4,49,5,14
01-02-2022,235,145,6,46,5,13
02-02-2022,210,119,3,40,5,13
03-02-2022,199,63,4,35,5,13
04-02-2022,119,113,4,40,6,17
05-02-2022,177,107,7,38,5,15
06-02-2022,182,91,6,34,10,15
07-02-2022,145,118,8,29,7,13
08-02-2022,180,94,6,27,6,12
09-02-2022,165,90,10,25,5,12
10-02-2022,159,95,11,27,8,12
11-02-2022,156,113,12,28,8,13
12-02-2022,154,114,11,31, ,14
13-02-2022,175,92,10,29, ,13
14-02-2022,152,97,11,31, ,14
15-02-2022,154,142,11,39, ,16
16-02-2022,190,114,18,30,7,14
17-02-2022,174,117,11,31,8,13
18-02-2022,165,107,5,32,6,12
19-02-2022,157,93,6,33,7,11
20-02-2022,161,93,4,33,7,12
21-02-2022,139,138,5,35,8,13
22-02-2022,163,118,4,33,9,13
23-02-2022,176,152,5,33,10,14
24-02-2022,210,141,4,38,5,12
25-02-2022,181,53,4,32,6,12
26-02-2022,80, , , , , 
28-02-2022,103,90,34,23,9,13
01-03-2022,152,109,32,25,7,14
02-03-2022,157,93,21,27,13,12
03-03-2022,142,97,23,20,11,12
04-03-2022,150,77,28,19,9,12
05-03-2022,125,94,38,26,11,13
06-03-2022,153,122,42,33,10,16
07-03-2022,170,125,30,30,7,13
08-03-2022,165,92,25,25,10,12
09-03-2022,132,94,28,19,9,11
10-03-2022,128,97,29,20,6,13
11-03-2022,142,100,32,22,7,13
12-03-2022,141,107,35,24,7,14
13-03-2022,156,133,39,25,6,13
14-03-2022,171,125,38,25,8,14
15-03-2022,169,113,30,19,7,13
16-03-2022,153,130,57,30,7,12
17-03-2022,175,123,30,20,10,10
18-03-2022,182,110,32,24,7,32
19-03-2022,171,112,31,27,7,13
20-03-2022,164,146,34,27,7,13
21-03-2022,188,113,29,17,8,11
22-03-2022,163,122,32,24,8,13
23-03-2022,168,132,22,28,8,16
24-03-2022,155,123,29,22,8,11
25-03-2022,158,124,30,22,10,13
26-03-2022,146,129,37,22,10,13
27-03-2022,161,128,30,34,9,14
28-03-2022,155,148,18,34,11,16
29-03-2022,170,151,42,34,10,16
30-03-2022,167,185,36,41,12,14
31-03-2022,196,110,31,22,10,12
01-10-2021,116,71,14,23,10,7
02-10-2021,137,60,6,19,8,7
03-10-2021,102,51,9,17,17,7
04-10-2021,81,68,29,20,13,7
05-10-2021,103,71,14,19,8,7
06-10-2021,123,83,18,20,8,8
07-10-2021,146,100,18,24,9,8
08-10-2021,162,93,53,23,7,8
09-10-2021,152,92,8,18,12,9
10-10-2021,162,80,14,24,8,9
11-10-2021,128,99,16,23,7,9
12-10-2021,159,114,22,25,8,8
13-10-2021,157,102,24,26,7,8
14-10-2021,150,104,32,29,7,9
15-10-2021,159,147,33,29,7,10
16-10-2021,219,112,8,22,7,8
17-10-2021,190,31,8,19,6,7
18-10-2021,69,69,18,21,6,7
19-10-2021,130,106,23,23,8,10
20-10-2021,170,121,21,27,9,10
21-10-2021,153,83,21,23,8,9
22-10-2021,125,80,16,27,8,7
23-10-2021,136,84,18,27,7,7
24-10-2021,134,65,19,26,7,8
25-10-2021,124,82,18,27,7,9
26-10-2021,148,121,23,31,7,9
27-10-2021,175,124,25,31,7,10
28-10-2021,187,132,27,32,8,10
29-10-2021,193,122,21,34,7,8
30-10-2021,180,145,34,33,8,11
31-10-2021,193,124,18,40,8,12
01-11-2021,181,124,23,37,7,11
02-11-2021,184,131,18,38,7,10
03-11-2021,197,304,23,30,8,12
04-11-2021,367,323,16,28,10,17
05-11-2021,596,254,23,35,7,11
06-11-2021,366,227,23,34,8,10
07-11-2021,312,215,25,39,8,10
08-11-2021,307,234,23,38,8,11
09-11-2021,318,196,29,41,8,11
10-11-2021,264,294,9,42,8,13
11-11-2021,359,451,48,37,10,13
12-11-2021,478,219,22,42,9,11
13-11-2021,284,145,22,40,7,9
14-11-2021,215,175,22,41,7,13
15-11-2021,240,204,24,38,17,10
16-11-2021,300,159,18,40,9,11
17-11-2021,253,161,16,47,10,12
18-11-2021,238,172,18,44,12,11
19-11-2021,272,182,18,46,10,13
20-11-2021,263,144,16,39,8,9
21-11-2021,237,138,15,35,8,7
22-11-2021,196,129,15,37,9,9
23-11-2021,193,200,24,60,11,17
24-11-2021,266,208,16,52,10,14
25-11-2021,301,218,17,48,10,12
26-11-2021,301,207,12,48,12,19
27-11-2021,290,210,13,35,7,12
28-11-2021,307,188,1,38,10,9
29-11-2021,274,150,2,39,2,6
30-11-2021,217,213, ,48,3,7
01-12-2021,276,216, ,41,3,5
02-12-2021,320,159,4,34,3,8
03-12-2021,236,138,5,28,3,4
04-12-2021,206,126,9,36,5,14
05-12-2021,196,131,4,33,10,3
06-12-2021,198,103,6,24,2,2
07-12-2021,162,105,5,19,9,3
08-12-2021,171,133,5,21,5,4
09-12-2021,199,128,4,21,7,3
10-12-2021,197,102,6,20,5,1
11-12-2021,171,105,5,22,6, 
12-12-2021,177,138,5,25,6,3
13-12-2021,218,169,7,23,6,5
14-12-2021,249,132,5,22,5,4
15-12-2021,216,169,4,26,5,3
16-12-2021,255,131,6,22,5,1
17-12-2021,209,122,6,21,5,2
18-12-2021,189,127,7,21,7,2
19-12-2021,196,143,7,23,5,3
20-12-2021,215,216,13,27,10,10
21-12-2021,302,216,5,28,6,6
22-12-2021,296,299,3,33,7,10
23-12-2021,361,191,3,25,6,8
24-12-2021,276,292,3,30,6,14
25-12-2021,427,297,3,26,6,10
26-12-2021,379,93,3,19,5,6
27-12-2021,168,110,2,23,5,5
28-12-2021,182,107,2,17,5,7
29-12-2021,176,117,3,19,5,7
30-12-2021,182,151,3,20,5,7
31-12-2021,215,185,5,19,5,8
01-01-2022,263,231,3,22,6,9
02-01-2022,309,191,6,22,5,8
01-07-2021,160,105,7,19,6,7
02-07-2021,159,79,9,24,7,7
03-07-2021,127,88,17,28,5,8
04-07-2021,131,81,14,26,5,7
05-07-2021,118,91,14,26,5,7
06-07-2021,135,88,12,20,5,7
07-07-2021,136,93,9,17,5,7
08-07-2021,145,70,16,25,5,7
09-07-2021,131,57,11,26,7,7
10-07-2021,106,64,12,24,5,7
11-07-2021,122,55,8,25,7,7
12-07-2021,108,42,4,24,6,9
13-07-2021,76,42,5,27,7,8
14-07-2021,88,57,7,30,6,8
15-07-2021,104,59,20,28,6,7
16-07-2021,114,67,27,29,7,8
17-07-2021,119,58,19,32,6,7
18-07-2021,82,33,9,30,6,8
19-07-2021,37,70,12,31,4,8
20-07-2021,87,63,15,31,6,8
21-07-2021,98,54,12,34,6,7
22-07-2021,82,59,14,27,7,7
23-07-2021,84,64,12,24,6,9
24-07-2021,102,55,11,23,8,8
25-07-2021,107,60,14,27,8,8
26-07-2021,115,47,6,24,6,8
27-07-2021,99,25,4,24,6,7
28-07-2021,52,37,7,26,7,10
29-07-2021,68,39,8,27,3,8
30-07-2021,86,34,9,24,5,8
31-07-2021,60,43,12,24,5,9
01-08-2021,79,51,7,24,5,10
02-08-2021,107,52,7,26,4,7
03-08-2021,91,44,9,24,5,7
04-08-2021,69,60,11,26,5,8
05-08-2021,104,69,13,25,7,9
06-08-2021,122,60,7,24,6,9
07-08-2021,98,63,6,25,5,10
08-08-2021,105,70,13,25,6,7
09-08-2021,117,91,9,19,8,8
10-08-2021,134,80,8,22,5,7
11-08-2021,119,82,9,22,5,7
12-08-2021,120,78,10,21,4,6
13-08-2021,118,85,8,22,5,8
14-08-2021,141,79,9,21,6,7
15-08-2021,127,85,11,22,5,7
16-08-2021,133,93,11,22,5,8
17-08-2021,147,86,17,16,5,8
18-08-2021,152,95,14,27,5,9
19-08-2021,161,55,6,25,5,7
20-08-2021,109,30,2,24,6,7
21-08-2021,75,50, ,8, , 
22-08-2021,81,53,5,16, ,15
23-08-2021,86,60,6,15, ,17
24-08-2021,115,70,5,17, ,5
25-08-2021,121,76,5,18,1,6
26-08-2021,123,94,6,19,1,7
27-08-2021,142,80,8,23,1,6
28-08-2021,132,80,11,21,1,5
29-08-2021,129,47,8,18,2,8
30-08-2021,67,52,3,20,1,8
31-08-2021,52,49,3,17,2,8
01-09-2021,55,45,8,15,5,8
02-09-2021,74,41,8,17,2,7
03-09-2021,63,36,5,17,3,8
04-09-2021,56,57,5,15,2,8
05-09-2021,73,59,7,17,1,8
06-09-2021,78,56,5,19,6,8
07-09-2021,72,41,4,18,5,8
08-09-2021,42,49,11,19,3,7
09-09-2021,98,45,8,16,3,5
10-09-2021,96,40,13, ,4,7
11-09-2021,88,44,19,18,5,4
12-09-2021,96,56,23,19,3,6
13-09-2021,107,55,12,19,2,7
14-09-2021,91,45,11,19,2,7
15-09-2021,64,40,10,19,2,7
16-09-2021,71,53,14,20,4,8
17-09-2021,90,53,14,21,3,9
18-09-2021,98,50,11,19,4,10
19-09-2021,87,50,10,19,2,10
20-09-2021,87,50,11,20,5,6
21-09-2021,91,47,9,21,1,7
22-09-2021,82,43,9,19,5,6
23-09-2021,77,46,8,21,5,7
24-09-2021,81,56,12,21,4,5
25-09-2021,109,57,12,20,2,6
26-09-2021,106,66,17,20,2,7
27-09-2021,124,63,24,22,2,6
28-09-2021,117,50,11,21,4,8
29-09-2021,87,55,10,20,6,6
30-09-2021,96,60,11,23,23,9
01-04-2021,100,92,12,29,9,11
02-04-2021,118,77,25,34,8,9
03-04-2021,113,90, ,38,8,5
04-04-2021,126,108,8,44,9,7
05-04-2021,150,152,29,46,8,6
06-04-2021,181,121,18,35,7,4
07-04-2021,157,79,16,34,6,5
08-04-2021,121,82,14,34,7,5
09-04-2021,120,84,19,36,7,8
10-04-2021,117,96,17,36,8,6
11-04-2021,141,122,17,38,7,8
12-04-2021,164,118,19,30,7,7
13-04-2021,151,103,15,32,8,7
14-04-2021,146,154,21,29,8,8
15-04-2021,148,149,5,31,6,6
16-04-2021,143,62,14,28,4,7
17-04-2021,115,87,19,30,5,7
18-04-2021,144,108,18,32,5,8
19-04-2021,157,108,16,33,7,6
20-04-2021,154,72,16,30,4,7
21-04-2021,120,71,20,31,5,6
22-04-2021,117,78,13,30,7,7
23-04-2021,130,62,18,29,5,7
24-04-2021,108,104,19,31,6,8
25-04-2021,141,170,24,32,7,9
26-04-2021,189,145,20,35,7,11
27-04-2021,219,138,18,32,7,9
28-04-2021,271,209,21,31,6,7
29-04-2021,244,169,16,33,6,8
30-04-2021,184,127,22,32,6,7
01-05-2021,156,102,15,31,5,7
02-05-2021,146,155,12,29,4,7
03-05-2021,173,94,11,29,5,7
04-05-2021,168,101,17,30,5,7
05-05-2021,159,76,15,28,3,7
06-05-2021,139,129,20,29,4,7
07-05-2021,133,95,21,31,3,8
08-05-2021,157,98,19,34,5,6
09-05-2021,142,76,19,34,5,8
10-05-2021,140,69,19,32,4,6
11-05-2021,149,67,15,32,4,7
12-05-2021,140,49,14,33,4,7
13-05-2021,106,106,17,33,4,7
14-05-2021,134,97,15,33,5,7
15-05-2021,150,79,18,34,4,8
16-05-2021,152,88,16,41,5,8
17-05-2021,157,52,6,33,4,7
18-05-2021,87,41,5,28,4,7
19-05-2021,81,42,13,24,4,7
20-05-2021,93,49,11,27,5,7
21-05-2021,84,47,15,28,4,6
22-05-2021,79,402,15,28,4,7
23-05-2021,388,85,16,29,4,7
24-05-2021,149,70,16,31,4,7
25-05-2021,120,71,18,32,4,7
26-05-2021,131,71,16,33,4,8
27-05-2021,137,66,13,32,4,7
28-05-2021,120,61,11,29,4,6
29-05-2021,84,72,12,29,3,7
30-05-2021,100,67,14,30,5,7
31-05-2021,131,72,12,30,4,7
01-06-2021,106,74,14,30,4,7
02-06-2021,137,83,29,31,5,8
03-06-2021,161,82,23,30,5,7
04-06-2021,147,76,18,30,4,7
05-06-2021,135,75,18,28,5,7
06-06-2021,136,129,20,29,5,8
07-06-2021,156,157,10,27,5,7
08-06-2021,213,123,11,26,4,6
09-06-2021,176,98,15,29,5,7
10-06-2021,167,90,18,30,5,8
11-06-2021,140,62,12,27,3,7
12-06-2021,113,60,16,27,5,8
13-06-2021,109,60,21,27,4,7
14-06-2021,112,67,16,25,4,7
15-06-2021,127,64,15,28,4,8
16-06-2021,112,65,11,27,5,7
17-06-2021,122,52,10,25,5,8
18-06-2021,79,47,8,23,5,7
19-06-2021,74,43,9,24,4,7
20-06-2021,72,54,13,24,4,8
21-06-2021,101,74,18,25,5,8
22-06-2021,141,121,23,27,5,8
23-06-2021,190,74,18,26,5,8
24-06-2021,138,87,16,24,4,7
25-06-2021,154,68,16,23,5,8
26-06-2021,133,84,20,22,4,9
27-06-2021,155,78,21,21,3,8
28-06-2021,147,98,16,20,5,8
29-06-2021,160,139,8,19,4,7
30-06-2021,187,104,8,14,7,7
04-01-2021,145,61,2,24,9,13
05-01-2021,138,107,4,23,9,14
06-01-2021,195,97,2,20,7,12
07-01-2021,185,127,1,24,8,14
08-01-2021,210,123,3,27,8,13
09-01-2021,203,97,5,22,8,12
10-01-2021,178,102,7,24,7,12
11-01-2021,181,122,7,23,8,13
12-01-2021,212,175,10,26,8,13
13-01-2021,286,312,6,35,10,24
14-01-2021,423,395,12,33,9,23
15-01-2021,458,209,9,32,9,16
16-01-2021,316,156,5,27,8,14
17-01-2021,279,161,5,27,9,18
18-01-2021,262,236,7,25,8,15
19-01-2021,329,124,9,24,7,13
20-01-2021,204,117,15,25,8,14
21-01-2021,204,179,5,27,9,18
22-01-2021,296,136,7,24,9,13
23-01-2021,227,173,5,20,8,15
24-01-2021,270,136,11,20,7,17
25-01-2021,214,144,17,20,8,14
26-01-2021,224,159,16,24,8,15
27-01-2021,236,199,14,28,8,16
28-01-2021,285,213,12,22,8,15
29-01-2021,283,133,12,25,9,15
30-01-2021,215,137,17,25,9,15
31-01-2021,215,169,15,31,9,16
01-02-2021,274,175,20,35,10,17
02-02-2021,255,140,10,31,8,13
03-02-2021,223,131,8,28,8,13
04-02-2021,215,82,8,27,8,11
05-02-2021,142,92,11,25,5,10
06-02-2021,160,110,15,25,5,11
07-02-2021,186,164,21,25,6,10
08-02-2021,254,109,7,35,4,19
09-02-2021,153,147,18,33,7,13
10-02-2021,217,139,18,32,6,12
11-02-2021,210,178,17,32,6,13
12-02-2021,262,135,20,34,5,13
13-02-2021,217,169,1,34,5,19
14-02-2021,246,122,15,38,7,11
15-02-2021,191,154,18,40,6,12
16-02-2021,228,140,19,36,6,13
17-02-2021,209,127,16,36,7,11
18-02-2021,194,141,16,33,5,13
19-02-2021,213,112,16,31,5,12
20-02-2021,180,138,19,32,6,11
21-02-2021,214,127,16,32,6,12
22-02-2021,189,107,16,35,5,11
23-02-2021,161,178,18,44,9,16
24-02-2021,212,143,16,39,7,12
25-02-2021,198,120,14,34,6,11
26-02-2021,172,104,11,32,8,10
27-02-2021,158,111,12,35,6,10
28-02-2021,162,94,18,29,7,10
01-03-2021,150,92,16,28,7,10
02-03-2021,145,116,19,31,10,10
03-03-2021,173,127,15,57,8,12
04-03-2021,171,109,16,35,9,10
05-03-2021,163,128,19,40,8,14
06-03-2021,181,136,13,51,8,12
07-03-2021,188,121,15,37,8,11
08-03-2021,173,138,12,38,7,11
09-03-2021,175,80,15,34,8,11
10-03-2021,128,114,11,46,8,12
11-03-2021,165,94,9,39,5,9
12-03-2021,132,122,21,39,7,11
13-03-2021,173,95,21,31,7,10
14-03-2021,156,122,19,31,7,10
15-03-2021,166,167,14,29,8,11
16-03-2021,174,177,17,32,8,11
17-03-2021,175,188,23,40,7,12
18-03-2021,178,141,21,37,6,11
19-03-2021,166,126,10,34,8,12
20-03-2021,170,127,15,44,9,12
21-03-2021,163,117,12,37,8,11
22-03-2021,148,140,9,34,8,9
23-03-2021,151,106,18,31,7,10
24-03-2021,138,75,14,25,5,10
25-03-2021,118,85,18,29,8,11
26-03-2021,141,99,9,41,6,12
27-03-2021,149,102, ,40,7,10
28-03-2021,153, , , , , 
30-03-2021,173,93,13,24,6,9
31-03-2021,70,100,11,23,8,9
01-10-2020,145,94,6,20,4,6
02-10-2020,189,88,3,21,7,5
03-10-2020,170,93,3,23,4,5
04-10-2020,154,99,12,18,2,6
05-10-2020,124,97,10,23,5,9
06-10-2020,145,102,19,26,4,6
07-10-2020,158,103,26,25,4,7
08-10-2020,157,106,32,23,4,7
09-10-2020,159,106,28,21,3,9
10-10-2020,163,105,26,21,4,8
11-10-2020,167,128,45,28,5,9
12-10-2020,184,125,2,31,5,10
13-10-2020,186,117, ,26,4,15
14-10-2020,186,132,19,28,4,17
15-10-2020,200,124,15,35,6,10
16-10-2020,184,141,23,38,5,10
17-10-2020,190,116,18,30,4,8
18-10-2020,164,129,22,29,3,5
19-10-2020,178,117,19,36,4,9
20-10-2020,167,107,15,41,4,10
21-10-2020,156,157,14,51,6,11
22-10-2020,213,201,22,48,5,7
23-10-2020,264,180,23,48,6,11
24-10-2020,243,151,21,52,5,11
25-10-2020,223,174,17,48,5,9
26-10-2020,227,149,16,37,4,11
27-10-2020,214,170,15,48,6,14
28-10-2020,222,215,14,57,8,20
29-10-2020,276,196,5,39,9,18
30-10-2020,265,274,7,28,7,17
31-10-2020,314,259,11,28,7,17
01-11-2020,314,150,12,31,6,19
02-11-2020,211,119,11,34,7,13
03-11-2020,179,331,11,45,7,10
04-11-2020,348,231,15,45,7,19
05-11-2020,380,225,18,42,7,22
06-11-2020,289,319,17,43,5,19
07-11-2020,358,288,15,44,6,20
08-11-2020,351,596,25,48,6,22
09-11-2020,542,519,12,47,8,24
10-11-2020,484,166,10,41,12,26
11-11-2020,238,173,17,35,10,24
12-11-2020,244,169,27,30,9,19
13-11-2020,242,345,11,31,9,20
14-11-2020,423,320,11,21,7,16
15-11-2020,381,76,9,20,7,13
16-11-2020,165,78,14,23,7,12
17-11-2020,161,92,21,26,7,13
18-11-2020,175,108,18,32,7,14
19-11-2020,187,118,17,31,8,14
20-11-2020,202,104,15,28,8,14
21-11-2020,175,116,14,31,8,12
22-11-2020,194,150,10,48,8,22
23-11-2020,226,263,13,57,9,23
24-11-2020,321,211,5,46,9,17
25-11-2020,319,113,10,27,10,13
26-11-2020,171,83,12,26,9,12
27-11-2020,155,102,14,30,6,15
28-11-2020,175,111,17,35,8,11
29-11-2020,183,144,18,39,9,26
30-11-2020,222,198,20,44,11,19
01-12-2020,280,169,20,40,10,16
02-12-2020,257,137,20,35,9,14
03-12-2020,214,217,14,50,12,23
04-12-2020,290,180,13,38,9,16
05-12-2020,285,177,17,36,9,16
06-12-2020,277,220,17,33,9,19
07-12-2020,319,177,19,37,10,19
08-12-2020,267,156,17,41,10,18
09-12-2020,229,123,11,36,10,17
10-12-2020,186,136,5,41,9,16
11-12-2020,205,174,6,30,8,16
12-12-2020,282,107,11,25,8,11
13-12-2020,191,82,13,22,10,12
14-12-2020,162,104,2,33,8,11
15-12-2020,186,102,3,34,3,8
16-12-2020,182,109,6,31,3,7
17-12-2020,194,116,10,37,4,10
18-12-2020,192,136,12,39,5,10
19-12-2020,220,149,12,35,4,8
20-12-2020,238,163,10,37,6,16
21-12-2020,242,268,12,40,8,21
22-12-2020,344,287,14,40,10,22
23-12-2020,348,284,11,39,10,21
24-12-2020,337,154,12,35,8,16
25-12-2020,239,165,13,34,8,18
26-12-2020,248,193,9,41,7,14
27-12-2020,272,131,10,28,8,14
28-12-2020,168,136,11,31,8,13
29-12-2020,182,129,7,30,9,14
30-12-2020,202,172,8,32,8,18
31-12-2020,258,290,5,46,10,24
01-01-2021,413,250,2,43,8,16
02-01-2021,324,108,1,31,9,14
03-01-2021,186,75,3,29,7,13
01-07-2020,134,70,24,11,14,5
02-07-2020,143,72,23,12,9,7
03-07-2020,141,54,16,9,7,3
04-07-2020,107,39,18,9,10,4
05-07-2020,76,50,11,11,8,3
06-07-2020,122,21,5,9,12,3
07-07-2020,52,27,8,9,10,4
08-07-2020,75,22,23,9,12,4
09-07-2020,92,28,20,8,6,2
10-07-2020,74,23,18,6,9,3
11-07-2020,57,22,17,6,19,2
12-07-2020,54,41,13,7,9,3
13-07-2020,63,51,13,7,11,2
14-07-2020,109,44,14,7,9,4
15-07-2020,100,34,8,7,9,3
16-07-2020,85,42,7,7,18,5
17-07-2020,111,40,10,7,16,4
18-07-2020,95,28,4,6,7,9
19-07-2020,74,16,12,7, ,3
20-07-2020,50,28,7,9, ,4
21-07-2020,64,18,4,5,4,4
22-07-2020,50,29,13,5,3,5
23-07-2020,66,40,10,7,4,4
24-07-2020,92,35,10,6,3,2
25-07-2020,75,41,16,6,4,4
26-07-2020,79,39,14,5,4,4
27-07-2020,58,26,14,5,4,3
28-07-2020,36,27,11,8,4,2
29-07-2020,42,22,12,6,3,3
30-07-2020,36,48,17,9,3,4
31-07-2020,93,48,15,8,5,3
01-08-2020,72,37,12,5,5,4
02-08-2020,31,39,12,6,5,3
03-08-2020,39,37,12,6,5,3
04-08-2020,38,51,7,9,5,4
05-08-2020,79,44,7,7,5,3
06-08-2020,42,36,10,8,5,4
07-08-2020,48,52,20,7,5,4
08-08-2020,97,40,10,7,4,4
09-08-2020,71,41,7,8,4,3
10-08-2020,53,51,12,7,5,5
11-08-2020,78,35,8,6,4,4
12-08-2020,49,15,4,9,2,5
13-08-2020,36,27,4,9,1,4
14-08-2020,45,34,7,7,1,3
15-08-2020,61,23,6,7,2,3
16-08-2020,45,37,10,9,2,6
17-08-2020,69,34,8,9,1,5
18-08-2020,66,23,5,12,1,6
19-08-2020,46,25,17,13,2,6
20-08-2020,53,33,20,9,3,4
21-08-2020,59,34,5,5,2,3
22-08-2020,71,20,2,6,3,3
23-08-2020,82,35,4,6,5,3
24-08-2020,59,47,8,7,3,4
25-08-2020,62,51,9,7,4,4
26-08-2020,53,51,10,6,5,5
27-08-2020,66,115,12,11,5,7
28-08-2020,97,61,9,9,4,5
29-08-2020,98,43,5,8,3,3
30-08-2020,64,31,1,7,5,3
31-08-2020,44,40,1,9,8,3
01-09-2020,46,52,1,9,5,5
02-09-2020,66,65,1,11,5,5
03-09-2020,93,66,1,9,7,4
04-09-2020,101,49,6,11,5,5
05-09-2020,79,51,1,10,4,4
06-09-2020,86,64,1,10,3,6
07-09-2020,104,59,1,8,4,4
08-09-2020,74,72,1,8,4,4
09-09-2020,96,65,1,8,4,4
10-09-2020,111,71,2,8,3,5
11-09-2020,124,71,1,8,4,4
12-09-2020,143,72,1,7,4,4
13-09-2020,142,82,1,7,5,4
14-09-2020,159,78,2,8,5,4
15-09-2020,154,82,5,8,4,5
16-09-2020,146,65,2,7,4,4
17-09-2020,112,63,3,8,5,4
18-09-2020,108,72,2,7,5,5
19-09-2020,132,81,2,8,5,4
20-09-2020,141,86,3,8,5,6
21-09-2020,141,54,1,9,4,6
22-09-2020,96,46,1,8,5,5
23-09-2020,68,56,3,9,4,5
24-09-2020,103,72,3,11,5,5
25-09-2020,121,77,5,13,5,6
26-09-2020,117,61,3,14,5,5
27-09-2020,92,96,2,18,5,6
28-09-2020,149,101,2,18,5,5
29-09-2020,156,86,3,18,5,6
30-09-2020,146,88,2,20,5,7
02-04-2020,71,45,9,8,9,7
03-04-2020,74,53,9,8,10,7
04-04-2020,86,64,9,9,9,7
05-04-2020,111,73,9,8,10,7
06-04-2020,123,67,7,8,11,7
07-04-2020,98,61,8,8,11,7
08-04-2020,89,57,10,9,9,7
09-04-2020,90,70,11,9,11,7
10-04-2020,114,77,11,9,10,7
11-04-2020,123,65,10,8,11,7
12-04-2020,101,85,10,9,12,7
13-04-2020,127,77,10,10,10,6
14-04-2020,121,104,8,10,10,7
15-04-2020,139,114,9,10,13,6
16-04-2020,136,65,9,8,7,7
17-04-2020,86,69,9,9,12,7
18-04-2020,89,47,9,9,9,7
19-04-2020,69,69,6,11,11,7
20-04-2020,104,57,9,11,9,7
21-04-2020,81,72,10,11,7,7
22-04-2020,107,70,6,11,11,6
23-04-2020,101,77,7,10,9,7
24-04-2020,113,57,4,8,13,7
25-04-2020,69,75,3,11,14,7
26-04-2020,100,42,5,10,9,7
27-04-2020,60,49,5,10,8,7
28-04-2020,71, , , , , 
30-04-2020,120,90,6,6,10,7
01-05-2020,138,75,5,6,10,7
02-05-2020,82,57,3,6,10,7
03-05-2020,79,43,4,8,11,8
04-05-2020,76,71,6,7,12,7
05-05-2020,115,101,4,8,9,7
06-05-2020,142,50,5,9,8,7
07-05-2020,82,90,8,10,9,7
08-05-2020,112,85,7,7,10,9
09-05-2020,130,62,81,9,7,7
10-05-2020,111,67,24,11,8,8
11-05-2020,108,69,59,8,10,8
12-05-2020,110,98,76,7,11,9
13-05-2020,147,79,78,10,9,9
14-05-2020,107,64,15,9,7,7
15-05-2020,96,87,42,9,8,8
16-05-2020,134,104,55,13,11,9
17-05-2020,140,139,10,12,14,9
18-05-2020,148,143,25,16,10,10
19-05-2020,157,86,41,9,13,7
20-05-2020,124,58,16,12,18,8
21-05-2020,115,85,50,10,11,10
22-05-2020,151,74,42,11, ,10
23-05-2020,147, , , , , 
25-05-2020,122,82,3,7,13,5
26-05-2020,82,63,2,9,11,4
27-05-2020,89,79,8,11,20,4
28-05-2020,71,79,1,14,3,3
29-05-2020,46,37,5,8,9,3
30-05-2020,77,30,1,12,14,3
31-05-2020,63,49,5,10,17,4
01-06-2020,95,46,4,10,19,4
02-06-2020,97,55,5,8,23,4
03-06-2020,131,64,2,9,16,4
04-06-2020,137,50,3,10,15,4
05-06-2020,107,62,4,8,9,3
06-06-2020,88,74,1,10,20,4
07-06-2020,96,52,4,6,21,4
08-06-2020,122,63,5,7,11,4
09-06-2020,150,61,6,7,14,4
10-06-2020,153,65,7,6,11,5
11-06-2020,138,67,5,6,16,5
12-06-2020,145,59,3,6,8,4
13-06-2020,124,66,5,5,8,4
14-06-2020,145,57,6,5,13,3
15-06-2020,117,54,6,6,7,4
16-06-2020,80,50,5,5,1,4
17-06-2020,77,46,5,5,17,3
18-06-2020,96,78,5,6,8,4
19-06-2020,152,43,3,6,11,4
20-06-2020,118,46,3,6,19,3
21-06-2020,123,52,7,5,11,4
22-06-2020,115,34,2,5,7,3
23-06-2020,82,61,1,5,6,4
24-06-2020,94,44,2,5,7,4
25-06-2020,90,59,2,5,17,4
26-06-2020,125,80,2,5,3,3
27-06-2020,147,101,2,4,13,3
28-06-2020,167,77,3,4,5,3
29-06-2020,136,61,13,11,8,5
30-06-2020,130,59,19,11,7,5
01-01-2020,426,226,4,43,3,25
02-01-2020,260,178,3,26,1,15
03-01-2020,236,179,5, ,2,11
04-01-2020,264,143,1, ,1,9
05-01-2020,223,134,2,29,3,13
06-01-2020,200,132,1,28,2,16
07-01-2020,200,98,1,19,1,14
08-01-2020,183,85,4,16,1,9
09-01-2020,167,113,6,21,1,14
10-01-2020,186,132,9,23,1,13
11-01-2020,198,148,44,17,1,13
12-01-2020,226,161,1,30,2,14
13-01-2020,238,101,3,26,1,11
14-01-2020,182,106,5,23,1,9
15-01-2020,172,123,1,23,2,12
16-01-2020,195,89,2,17,1,12
17-01-2020,164,116,3,21,1,12
18-01-2020,182,110,6,16,1,9
19-01-2020,181,121,12,23,2,10
20-01-2020,187,157,9,34,1,15
21-01-2020,219,221,2,26, ,15
22-01-2020,259,80,11,12,1,10
23-01-2020,132,90,77,19, ,10
24-01-2020,150,123,13,22,1,11
25-01-2020,186,181,13,16, ,15
26-01-2020,247,167,2,38,3,9
27-01-2020,238,92,3,24,3,10
28-01-2020,170,77,6,17,3,6
29-01-2020,147,89,7,21,3,8
30-01-2020,153,84,6,20,3,10
31-01-2020,158,102,10,18,2,7
01-02-2020,170,106,11,18,3,8
02-02-2020,175,121,14,21,3,9
03-02-2020,183,160,12,32,2,16
04-02-2020,218,129,11,27,3,10
05-02-2020,185,105,15,22,3,11
06-02-2020,168,134,13,23,3,8
07-02-2020,185,123,14,21,3,9
08-02-2020,181,126,15,22,3,9
09-02-2020,189,142,17,21,3,10
10-02-2020,199,157,11,23,2,10
11-02-2020,204,160,4,25,4,6
12-02-2020,183,106,3,23,5,7
13-02-2020,152,122,8,22,6,9
14-02-2020,142,106,1,34,5,11
15-02-2020,165,119,5,31,5,10
16-02-2020,176,166,10,35,4,11
17-02-2020,206,135,19,38,6,10
18-02-2020,184,139,10,44,6,8
19-02-2020,186,131,12,37,5,10
20-02-2020,177,65,19,25,5,8
21-02-2020,119,104,2,25,5,16
22-02-2020,152,99,2,22,4,9
23-02-2020,155,89,3,23,5,10
24-02-2020,139,123,3,24,5,12
25-02-2020,165,128,11,26,5,9
26-02-2020,182,109,7,30,4,11
27-02-2020,171,97,8,26,5,8
28-02-2020,161,73,6,25,4,8
29-02-2020,140,61,9,25,5,12
01-03-2020,104,105,10,25,4,11
02-03-2020,171,87,2,30,4,14
03-03-2020,158, ,6,27,4,9
04-03-2020,153,61,6,23,4,9
05-03-2020,92,33,5,18,3,8
06-03-2020,68,51,2,23,4,10
07-03-2020,102,70,3,21,4,9
08-03-2020,133,75,2,19,4,8
09-03-2020,125,87,3,21,6,10
10-03-2020,149,72,2,23,5,9
11-03-2020,132,87,5,21,5,11
12-03-2020,122,103,7,19,5,7
13-03-2020,137,57,5,18,5,8
14-03-2020,109,70,7,19,4,8
15-03-2020,146,84,2,18, ,7
16-03-2020,153,69,13,18, ,10
18-03-2020,133,102,14,14,21,8
19-03-2020,166,103,8,21,7,7
20-03-2020,168,93,10,16,7,7
21-03-2020,156,77,8,12,7,7
22-03-2020,139,70,4,11,5,7
23-03-2020,144, , , , , 
28-03-2020,59,52,3,8,9,7
29-03-2020,87, , , , , 
21-07-2024, ,53,7,9,1,6
31-07-2024, ,41, ,8,1,6
13-05-2024, ,93,6,12,1,5
20-07-2023, ,66,10,21,4,7
17-07-2022, ,68,22,19,5,11
15-08-2022, ,34,12,13,5,5
27-02-2022, ,68,23,19,8,12
29-03-2021, ,338,5,18,3,9
01-04-2020, ,46,6,8,8,7
29-04-2020, ,83,7,5,7,7
24-05-2020, ,70,28,17,2,9
17-03-2020, ,84,15,12, ,10
27-03-2020, ,27,4,7,14,6
